exp,throughput,latency
seq_read,751566.0,2834432.0
seq_read,882847.0,1957888.0
seq_read,792386.0,1036288.0
seq_read,749750.0,610304.0
seq_read,857869.0,1011712.0
seq_read,838308.0,921600.0
seq_read,805672.0,888832.0
seq_read,695138.0,1564672.0
seq_read,763150.0,577536.0
seq_read,741605.0,1019904.0
seq_read,772314.0,1351680.0
seq_read,816417.0,978944.0
seq_read,885271.0,856064.0
seq_read,941343.0,1957888.0
seq_read,813560.0,561152.0
seq_read,767600.0,684032.0
seq_read,733854.0,1269760.0
seq_read,845842.0,1044480.0
seq_read,739701.0,659456.0
seq_read,802703.0,1253376.0
seq_read,793132.0,1089536.0
seq_read,892937.0,1073152.0
seq_read,883457.0,675840.0
seq_read,790001.0,1318912.0
seq_read,781283.0,1073152.0
seq_read,807169.0,700416.0
seq_read,770247.0,1204224.0
seq_read,799505.0,987136.0
seq_read,783617.0,995328.0
seq_read,895358.0,831488.0
seq_read,802725.0,610304.0
seq_read,877027.0,1302528.0
seq_read,888666.0,970752.0
seq_read,781689.0,585728.0
seq_read,738180.0,602112.0
seq_read,769040.0,1028096.0
seq_read,875324.0,1564672.0
seq_read,793396.0,2039808.0
seq_read,807688.0,1138688.0
seq_read,791521.0,610304.0
seq_read,763631.0,501760.0
seq_read,1014684.0,724992.0
seq_read,716368.0,618496.0
seq_read,507044.0,2441216.0
seq_read,853790.0,1433600.0
seq_read,759578.0,1204224.0
seq_read,845354.0,1011712.0
seq_read,751536.0,1269760.0
seq_read,724300.0,2088960.0
seq_read,1053678.0,577536.0
seq_read,958588.0,856064.0
seq_read,790926.0,1056768.0
seq_read,771834.0,618496.0
seq_read,765000.0,1810432.0
seq_read,790807.0,1417216.0
seq_read,758249.0,1073152.0
seq_read,896034.0,1019904.0
seq_read,834205.0,2441216.0
seq_read,750320.0,946176.0
seq_read,761186.0,684032.0
seq_read,720649.0,1957888.0
seq_read,766025.0,880640.0
seq_read,872768.0,643072.0
seq_read,782083.0,2072576.0
seq_read,786914.0,1204224.0
seq_read,963880.0,815104.0
seq_read,776350.0,1335296.0
seq_read,796965.0,856064.0
seq_read,731429.0,1003520.0
seq_read,761468.0,626688.0
seq_read,844644.0,561152.0
seq_read,743104.0,897024.0
seq_read,762111.0,1089536.0
seq_read,824168.0,2211840.0
seq_read,730009.0,987136.0
seq_read,1053046.0,765952.0
seq_read,740797.0,946176.0
seq_read,839866.0,749568.0
seq_read,798740.0,2056192.0
seq_read,866239.0,937984.0
seq_read,888509.0,946176.0
seq_read,801466.0,1073152.0
seq_read,848805.0,1019904.0
seq_read,893857.0,864256.0
seq_read,760791.0,2146304.0
seq_read,792090.0,569344.0
seq_read,882282.0,897024.0
seq_read,746900.0,1351680.0
seq_read,799138.0,839680.0
seq_read,794648.0,684032.0
seq_read,844314.0,1531904.0
seq_read,956375.0,741376.0
seq_read,800055.0,856064.0
seq_read,894762.0,1036288.0
seq_read,799861.0,1236992.0
seq_read,788731.0,823296.0
seq_read,750754.0,1875968.0
seq_read,911096.0,733184.0
seq_read,893884.0,724992.0
seq_read,879111.0,757760.0
seq_read,788337.0,1089536.0
seq_read,831715.0,962560.0
seq_read,727960.0,831488.0
seq_read,783570.0,1531904.0
seq_read,431078.0,1826816.0
seq_read,713694.0,1351680.0
seq_read,753972.0,667648.0
seq_read,761659.0,1105920.0
seq_read,697849.0,897024.0
seq_read,844551.0,2179072.0
seq_read,788105.0,716800.0
seq_read,793357.0,1155072.0
seq_read,777479.0,1564672.0
seq_read,992825.0,765952.0
seq_read,745684.0,626688.0
seq_read,517847.0,3391488.0
seq_read,856877.0,765952.0
seq_read,777819.0,823296.0
seq_read,870523.0,1036288.0
seq_read,759523.0,978944.0
seq_read,772611.0,585728.0
seq_read,718124.0,4292608.0
seq_read,748422.0,987136.0
seq_read,818934.0,1019904.0
seq_read,1043096.0,1089536.0
seq_read,856059.0,733184.0
seq_read,865907.0,593920.0
seq_read,752958.0,798720.0
seq_read,764485.0,602112.0
seq_read,788905.0,577536.0
seq_read,793670.0,1286144.0
seq_read,874623.0,1073152.0
seq_read,1048235.0,610304.0
seq_read,887394.0,774144.0
seq_read,752224.0,1056768.0
seq_read,798795.0,544768.0
seq_read,770913.0,913408.0
seq_read,776355.0,643072.0
seq_read,891466.0,1089536.0
seq_read,770067.0,1368064.0
seq_read,867305.0,995328.0
seq_read,802146.0,733184.0
seq_read,852637.0,995328.0
seq_read,776495.0,970752.0
seq_read,885036.0,823296.0
seq_read,739949.0,1499136.0
seq_read,999452.0,675840.0
seq_read,829634.0,954368.0
seq_read,803586.0,1220608.0
seq_read,863649.0,610304.0
seq_read,938908.0,905216.0
seq_read,794376.0,1155072.0
seq_read,855511.0,1138688.0
seq_read,863912.0,602112.0
seq_read,761490.0,618496.0
seq_read,860121.0,593920.0
seq_read,887251.0,970752.0
seq_read,793428.0,856064.0
seq_read,735790.0,724992.0
seq_read,692765.0,659456.0
seq_read,780054.0,1286144.0
seq_read,784737.0,593920.0
seq_read,765671.0,675840.0
seq_read,783134.0,610304.0
seq_read,800970.0,815104.0
seq_read,860415.0,724992.0
seq_read,786869.0,1155072.0
seq_read,948716.0,626688.0
seq_read,797424.0,1011712.0
seq_read,832198.0,1761280.0
seq_read,933191.0,684032.0
seq_read,863548.0,806912.0
seq_read,796271.0,1384448.0
seq_read,731420.0,1044480.0
seq_read,860838.0,1318912.0
seq_read,779165.0,1318912.0
seq_read,777028.0,634880.0
seq_read,795826.0,610304.0
seq_read,792992.0,1286144.0
seq_read,762227.0,2039808.0
seq_read,801765.0,978944.0
seq_read,845812.0,2179072.0
seq_read,871946.0,1003520.0
seq_read,840650.0,634880.0
seq_read,990805.0,577536.0
seq_read,856343.0,2441216.0
seq_read,759100.0,577536.0
seq_read,793645.0,978944.0
seq_read,769209.0,2375680.0
seq_read,774508.0,733184.0
seq_read,879886.0,724992.0
seq_read,746757.0,1044480.0
seq_read,760213.0,741376.0
seq_read,748797.0,634880.0
seq_read,762211.0,1728512.0
seq_read,740837.0,1384448.0
seq_read,739078.0,995328.0
seq_read,788871.0,913408.0
seq_read,760524.0,577536.0
seq_read,790443.0,847872.0
seq_read,1054899.0,1499136.0
seq_read,789383.0,946176.0
seq_read,783129.0,610304.0
seq_read,890400.0,1073152.0
seq_read,853508.0,749568.0
seq_read,721254.0,872448.0
seq_read,791507.0,2023424.0
seq_read,880115.0,675840.0
seq_read,799935.0,684032.0
seq_read,854039.0,1220608.0
seq_read,880474.0,1044480.0
seq_read,783201.0,700416.0
seq_read,763077.0,1794048.0
seq_read,1055444.0,1028096.0
seq_read,888715.0,987136.0
seq_read,779126.0,954368.0
seq_read,670037.0,1646592.0
seq_read,706568.0,2023424.0
seq_read,893683.0,1728512.0
seq_read,764363.0,659456.0
seq_read,760157.0,651264.0
seq_read,744222.0,2113536.0
seq_read,811709.0,2310144.0
seq_read,748491.0,937984.0
seq_read,775668.0,1036288.0
seq_read,774589.0,1089536.0
seq_read,768056.0,610304.0
seq_read,927450.0,1794048.0
seq_read,745012.0,782336.0
seq_read,922642.0,765952.0
seq_read,759389.0,2146304.0
seq_read,919604.0,1138688.0
seq_read,850557.0,700416.0
seq_read,719863.0,1761280.0
seq_read,907706.0,1138688.0
seq_read,744385.0,1003520.0
seq_read,710778.0,1003520.0
seq_read,729780.0,2023424.0
seq_read,763941.0,970752.0
seq_read,858825.0,839680.0
seq_read,728405.0,3522560.0
seq_read,828009.0,1531904.0
seq_read,734871.0,2342912.0
seq_read,758155.0,1482752.0
seq_read,747076.0,489472.0
seq_read,691400.0,2146304.0
seq_read,738376.0,659456.0
seq_read,789962.0,1003520.0
seq_read,780116.0,1859584.0
seq_read,775365.0,593920.0
seq_read,811568.0,929792.0
seq_read,690543.0,1810432.0
seq_read,770589.0,1646592.0
seq_read,752682.0,2342912.0
seq_read,731644.0,1286144.0
seq_read,722840.0,1794048.0
seq_read,733248.0,1351680.0
seq_read,789407.0,2244608.0
seq_read,752648.0,1073152.0
seq_read,735728.0,987136.0
seq_read,740245.0,1302528.0
seq_read,853635.0,921600.0
seq_read,802404.0,1036288.0
seq_read,908754.0,1028096.0
seq_read,626608.0,2342912.0
seq_read,760015.0,724992.0
seq_read,808678.0,2146304.0
seq_read,736443.0,2277376.0
seq_read,765754.0,1089536.0
seq_read,685176.0,2146304.0
seq_read,757979.0,716800.0
seq_read,776272.0,1155072.0
seq_read,860837.0,1089536.0
seq_read,844630.0,782336.0
seq_read,1036099.0,913408.0
seq_read,709063.0,2244608.0
seq_read,878363.0,684032.0
seq_read,830052.0,1318912.0
seq_read,734940.0,1794048.0
seq_read,885000.0,970752.0
seq_read,719299.0,2039808.0
seq_read,786964.0,1056768.0
seq_read,663701.0,1187840.0
seq_read,750254.0,1253376.0
seq_read,748320.0,2736128.0
seq_read,754738.0,872448.0
seq_read,775739.0,757760.0
seq_read,1056769.0,782336.0
seq_read,856966.0,978944.0
seq_read,851950.0,2244608.0
seq_read,812735.0,954368.0
seq_read,721739.0,2375680.0
seq_read,799750.0,1155072.0
seq_read,896858.0,618496.0
seq_read,795256.0,610304.0
seq_read,897799.0,675840.0
seq_read,772175.0,577536.0
seq_read,755806.0,765952.0
seq_read,888793.0,888832.0
seq_read,919464.0,749568.0
seq_read,846779.0,757760.0
seq_read,898487.0,634880.0
seq_read,750819.0,847872.0
seq_read,799942.0,561152.0
seq_read,783314.0,1957888.0
seq_read,752871.0,897024.0
seq_read,952462.0,634880.0
seq_read,723733.0,2113536.0
seq_read,724730.0,1204224.0
seq_read,821672.0,593920.0
seq_read,780158.0,1368064.0
seq_read,1028136.0,741376.0
seq_read,780687.0,1089536.0
seq_read,669358.0,1515520.0
seq_read,724874.0,937984.0
seq_read,753850.0,913408.0
seq_read,737228.0,1318912.0
seq_read,752726.0,1335296.0
seq_read,719064.0,905216.0
seq_read,891280.0,1990656.0
seq_read,874103.0,692224.0
seq_read,867793.0,634880.0
seq_read,851723.0,1073152.0
seq_read,760529.0,1056768.0
seq_read,795705.0,577536.0
seq_read,819820.0,864256.0
seq_read,882813.0,1941504.0
seq_read,841514.0,921600.0
seq_read,752158.0,864256.0
seq_read,763707.0,602112.0
seq_read,850992.0,831488.0
seq_read,800553.0,724992.0
seq_read,891340.0,643072.0
seq_read,772226.0,1187840.0
seq_read,869631.0,626688.0
seq_read,881813.0,995328.0
seq_read,794075.0,593920.0
seq_read,899107.0,839680.0
seq_read,930288.0,667648.0
seq_read,742943.0,692224.0
seq_read,762671.0,602112.0
seq_read,864807.0,995328.0
seq_read,739938.0,577536.0
seq_read,832450.0,577536.0
seq_read,711817.0,970752.0
seq_read,676242.0,921600.0
seq_read,741112.0,561152.0
seq_read,743577.0,2007040.0
seq_read,777163.0,610304.0
seq_read,826077.0,757760.0
seq_read,857550.0,2072576.0
seq_read,808427.0,1105920.0
seq_read,866792.0,765952.0
seq_read,752074.0,1597440.0
seq_read,771373.0,692224.0
seq_read,731126.0,1302528.0
seq_read,864605.0,610304.0
seq_read,823581.0,1028096.0
seq_read,811102.0,593920.0
seq_read,780255.0,1253376.0
seq_read,740900.0,1531904.0
seq_read,876748.0,888832.0
seq_read,838715.0,667648.0
seq_read,872753.0,1548288.0
seq_read,791332.0,618496.0
seq_read,1016000.0,790528.0
seq_read,827403.0,856064.0
seq_read,818652.0,946176.0
seq_read,730872.0,1597440.0
seq_read,879503.0,724992.0
seq_read,741819.0,847872.0
seq_read,781058.0,1597440.0
seq_read,763930.0,749568.0
seq_read,928142.0,700416.0
seq_read,798089.0,1515520.0
seq_read,754081.0,839680.0
seq_read,960418.0,749568.0
seq_read,978163.0,2441216.0
seq_read,889259.0,774144.0
seq_read,715802.0,1564672.0
seq_read,810083.0,1187840.0
seq_read,737609.0,765952.0
seq_read,471365.0,2637824.0
seq_read,836743.0,880640.0
seq_read,749007.0,1892352.0
seq_read,714420.0,1531904.0
seq_read,783710.0,602112.0
seq_read,776182.0,1073152.0
seq_read,871865.0,1908736.0
seq_read,650719.0,2506752.0
seq_read,680949.0,2072576.0
seq_read,825607.0,1531904.0
seq_read,855591.0,2211840.0
seq_read,777952.0,1019904.0
seq_read,797506.0,1073152.0
seq_read,957090.0,1019904.0
seq_read,860098.0,724992.0
seq_read,702516.0,1011712.0
seq_read,861954.0,2088960.0
seq_read,754635.0,2072576.0
seq_read,722223.0,798720.0
seq_read,734216.0,1302528.0
seq_read,835747.0,1056768.0
seq_read,1045867.0,2056192.0
seq_read,747621.0,1003520.0
seq_read,642322.0,970752.0
seq_read,756591.0,2834432.0
seq_read,753268.0,1155072.0
seq_read,849390.0,872448.0
seq_read,675422.0,618496.0
seq_read,735742.0,2375680.0
seq_read,834945.0,643072.0
seq_read,850240.0,577536.0
seq_read,725959.0,1400832.0
seq_read,754771.0,2244608.0
seq_read,693955.0,2088960.0
seq_read,1070688.0,692224.0
seq_read,717099.0,962560.0
seq_read,727345.0,2023424.0
seq_read,712322.0,995328.0
seq_read,698733.0,995328.0
seq_read,832165.0,1843200.0
seq_read,785700.0,2072576.0
seq_read,728421.0,987136.0
seq_read,727884.0,2211840.0
seq_read,695244.0,2244608.0
seq_read,697636.0,11337728.0
seq_read,771753.0,905216.0
seq_read,749315.0,1122304.0
seq_read,850080.0,1011712.0
seq_read,852453.0,1036288.0
seq_read,762841.0,2146304.0
seq_read,926260.0,2007040.0
seq_read,702540.0,2056192.0
seq_read,837389.0,2179072.0
seq_read,821902.0,2039808.0
seq_read,997671.0,1597440.0
seq_read,729903.0,2146304.0
seq_read,786367.0,2007040.0
seq_read,741572.0,2244608.0
seq_read,798278.0,2113536.0
seq_read,835752.0,643072.0
seq_read,769870.0,1089536.0
seq_read,760955.0,1138688.0
seq_read,817235.0,1089536.0
seq_read,884207.0,716800.0
seq_read,880605.0,1269760.0
seq_read,762247.0,1056768.0
seq_read,705495.0,634880.0
seq_read,684927.0,1761280.0
seq_read,955238.0,1089536.0
seq_read,727941.0,1744896.0
seq_read,787355.0,1056768.0
seq_read,766721.0,2113536.0
seq_read,882016.0,741376.0
seq_read,802007.0,823296.0
seq_read,739552.0,1564672.0
seq_read,764337.0,1400832.0
seq_read,1034171.0,2113536.0
seq_read,1049999.0,643072.0
seq_read,757587.0,1318912.0
seq_read,1004270.0,2375680.0
seq_read,790443.0,2244608.0
seq_read,786519.0,782336.0
seq_read,789641.0,1089536.0
seq_read,767931.0,518144.0
seq_read,757843.0,970752.0
seq_read,726515.0,2244608.0
seq_read,769864.0,659456.0
seq_read,956995.0,995328.0
seq_read,878632.0,1908736.0
seq_read,874163.0,1044480.0
seq_read,886540.0,823296.0
seq_read,749254.0,1581056.0
seq_read,772698.0,1531904.0
seq_read,774536.0,716800.0
seq_read,798009.0,1036288.0
seq_read,744872.0,749568.0
seq_read,852735.0,716800.0
seq_read,875709.0,585728.0
seq_read,819996.0,2375680.0
seq_read,889984.0,782336.0
seq_read,897914.0,610304.0
seq_read,803394.0,962560.0
seq_read,750746.0,1122304.0
seq_read,842723.0,2179072.0
seq_read,727075.0,1974272.0
seq_read,777723.0,2146304.0
seq_read,812656.0,1011712.0
seq_read,791068.0,1036288.0
seq_read,794941.0,2023424.0
seq_read,727721.0,2375680.0
seq_read,859490.0,2310144.0
seq_read,777413.0,1056768.0
seq_read,741230.0,733184.0
seq_read,848402.0,1581056.0
seq_read,883744.0,798720.0
seq_read,800574.0,1105920.0
seq_read,886726.0,1036288.0
seq_read,755602.0,1122304.0
